fold,model,month,actual,prediction
1,seasonal_naive,2023-07-01,531.0,540.0
1,seasonal_naive,2023-08-01,492.0,469.0
1,seasonal_naive,2023-09-01,443.0,412.0
1,seasonal_naive,2023-10-01,386.0,374.0
1,seasonal_naive,2023-11-01,420.0,380.0
1,seasonal_naive,2023-12-01,468.0,421.0
1,arima,2023-07-01,531.0,570.3158750664317
1,arima,2023-08-01,492.0,568.8116929152228
1,arima,2023-09-01,443.0,548.1035212975277
1,arima,2023-10-01,386.0,529.9921089112524
1,arima,2023-11-01,420.0,532.5641102931014
1,arima,2023-12-01,468.0,552.186817838505
1,sarima,2023-07-01,531.0,543.8391006520998
1,sarima,2023-08-01,492.0,486.8035389695651
1,sarima,2023-09-01,443.0,437.0248482954283
1,sarima,2023-10-01,386.0,401.12428942704
1,sarima,2023-11-01,420.0,411.0793574774464
1,sarima,2023-12-01,468.0,450.91573767487347
1,ets,2023-07-01,531.0,534.6815896153381
1,ets,2023-08-01,492.0,482.5154753928711
1,ets,2023-09-01,443.0,430.92822207996267
1,ets,2023-10-01,386.0,392.36230110065827
1,ets,2023-11-01,420.0,405.84969879744546
1,ets,2023-12-01,468.0,445.64055568743623
1,prophet,2023-07-01,531.0,536.8840421531226
1,prophet,2023-08-01,492.0,487.9734492124697
1,prophet,2023-09-01,443.0,443.6239099339128
1,prophet,2023-10-01,386.0,390.32780581843
1,prophet,2023-11-01,420.0,401.40665259272345
1,prophet,2023-12-01,468.0,450.6948645314185
1,xgboost,2023-07-01,531.0,529.5087280273438
1,xgboost,2023-08-01,492.0,474.0064697265625
1,xgboost,2023-09-01,443.0,422.4647521972656
1,xgboost,2023-10-01,386.0,385.7340393066406
1,xgboost,2023-11-01,420.0,382.8520812988281
1,xgboost,2023-12-01,468.0,429.2730407714844
1,lstm,2023-07-01,531.0,463.94744254067604
1,lstm,2023-08-01,492.0,464.2304459812865
1,lstm,2023-09-01,443.0,464.2725443233454
1,lstm,2023-10-01,386.0,463.96245057252975
1,lstm,2023-11-01,420.0,463.5328524332954
1,lstm,2023-12-01,468.0,462.8573103978113
2,seasonal_naive,2024-01-01,474.0,459.0
2,seasonal_naive,2024-02-01,496.0,488.0
2,seasonal_naive,2024-03-01,494.0,494.0
2,seasonal_naive,2024-04-01,508.0,481.0
2,seasonal_naive,2024-05-01,522.0,489.0
2,seasonal_naive,2024-06-01,557.0,550.0
2,arima,2024-01-01,474.0,501.6369935193777
2,arima,2024-02-01,496.0,498.46325531425424
2,arima,2024-03-01,494.0,463.3567881156607
2,arima,2024-04-01,508.0,433.1310048916944
2,arima,2024-05-01,522.0,438.0021908244098
2,arima,2024-06-01,557.0,471.4612059398267
2,sarima,2024-01-01,474.0,486.7198101934195
2,sarima,2024-02-01,496.0,500.04295486006424
2,sarima,2024-03-01,494.0,494.0789637680548
2,sarima,2024-04-01,508.0,503.39121762061086
2,sarima,2024-05-01,522.0,527.2744692859205
2,sarima,2024-06-01,557.0,545.3978876040203
2,ets,2024-01-01,474.0,477.7140445244289
2,ets,2024-02-01,496.0,493.09696968925766
2,ets,2024-03-01,494.0,486.98312383674397
2,ets,2024-04-01,508.0,496.00286222188845
2,ets,2024-05-01,522.0,519.6304074468844
2,ets,2024-06-01,557.0,537.3120495265963
2,prophet,2024-01-01,474.0,487.5293541101064
2,prophet,2024-02-01,496.0,491.2577848011209
2,prophet,2024-03-01,494.0,489.33415374374357
2,prophet,2024-04-01,508.0,496.9351827670246
2,prophet,2024-05-01,522.0,529.3356191698841
2,prophet,2024-06-01,557.0,546.5153306606853
2,xgboost,2024-01-01,474.0,480.3213195800781
2,xgboost,2024-02-01,496.0,496.9489440917969
2,xgboost,2024-03-01,494.0,509.8106384277344
2,xgboost,2024-04-01,508.0,502.9712219238281
2,xgboost,2024-05-01,522.0,503.8040771484375
2,xgboost,2024-06-01,557.0,527.4373168945312
2,lstm,2024-01-01,474.0,472.5643825913716
2,lstm,2024-02-01,496.0,490.0680460619931
2,lstm,2024-03-01,494.0,505.00414411198454
2,lstm,2024-04-01,508.0,518.3846984897857
2,lstm,2024-05-01,522.0,532.595643116204
2,lstm,2024-06-01,557.0,542.0852342994368
3,seasonal_naive,2024-07-01,552.0,531.0
3,seasonal_naive,2024-08-01,501.0,492.0
3,seasonal_naive,2024-09-01,440.0,443.0
3,seasonal_naive,2024-10-01,421.0,386.0
3,seasonal_naive,2024-11-01,427.0,420.0
3,seasonal_naive,2024-12-01,460.0,468.0
3,arima,2024-07-01,552.0,561.2520614440236
3,arima,2024-08-01,501.0,539.1620854224414
3,arima,2024-09-01,440.0,515.2444012052849
3,arima,2024-10-01,421.0,514.3829562012146
3,arima,2024-11-01,427.0,536.037258427358
3,arima,2024-12-01,460.0,556.3819394090153
3,sarima,2024-07-01,552.0,556.1230015526158
3,sarima,2024-08-01,501.0,504.4846711248399
3,sarima,2024-09-01,440.0,454.317700923176
3,sarima,2024-10-01,421.0,414.44042597668744
3,sarima,2024-11-01,427.0,429.48142605308897
3,sarima,2024-12-01,460.0,470.72149487861634
3,ets,2024-07-01,552.0,547.5667535054839
3,ets,2024-08-01,501.0,497.0123527774943
3,ets,2024-09-01,440.0,446.4476087917116
3,ets,2024-10-01,421.0,406.3404702179825
3,ets,2024-11-01,427.0,420.3768425039359
3,ets,2024-12-01,460.0,461.24181284409497
3,prophet,2024-07-01,552.0,554.9797842505236
3,prophet,2024-08-01,501.0,499.3763940595841
3,prophet,2024-09-01,440.0,442.2470731835112
3,prophet,2024-10-01,421.0,420.7559993219576
3,prophet,2024-11-01,427.0,434.06498159153307
3,prophet,2024-12-01,460.0,464.98428931168576
3,xgboost,2024-07-01,552.0,525.6200561523438
3,xgboost,2024-08-01,501.0,502.62158203125
3,xgboost,2024-09-01,440.0,467.9938659667969
3,xgboost,2024-10-01,421.0,415.54803466796875
3,xgboost,2024-11-01,427.0,440.73486328125
3,xgboost,2024-12-01,460.0,480.5670166015625
3,lstm,2024-07-01,552.0,482.0574006009354
3,lstm,2024-08-01,501.0,483.94084303176396
3,lstm,2024-09-01,440.0,486.0151204646095
3,lstm,2024-10-01,421.0,488.39896892996785
3,lstm,2024-11-01,427.0,491.52289430622733
3,lstm,2024-12-01,460.0,493.14643306370465
