month,forecast,lower_80,upper_80,model
2025-01-01,492.34527516443575,481.51251708892465,503.17803323994684,prophet
2025-02-01,520.2887557175586,509.4559976420475,531.1215137930697,prophet
2025-03-01,506.72929904333813,495.89654096782704,517.5620571188492,prophet
2025-04-01,516.3245997324814,505.4918416569703,527.1573578079924,prophet
2025-05-01,541.010464760232,530.177706684721,551.8432228357431,prophet
2025-06-01,561.4117308013426,550.5789727258316,572.2444888768537,prophet
2025-07-01,568.7138264424013,557.8810683668903,579.5465845179124,prophet
2025-08-01,516.6773347105128,505.8445766350017,527.510092786024,prophet
2025-09-01,462.79885749800394,451.96609942249285,473.63161557351503,prophet
2025-10-01,431.0509674820211,420.21820940651,441.8837255575322,prophet
2025-11-01,444.1940983888139,433.36134031330283,455.026856464325,prophet
2025-12-01,481.2770321584397,470.4442740829286,492.1097902339508,prophet
