month,genre,titles_published
2015-01-01,Children,82
2015-01-01,Fiction,141
2015-01-01,Nonfiction,103
2015-02-01,Children,93
2015-02-01,Fiction,135
2015-02-01,Nonfiction,117
2015-03-01,Children,79
2015-03-01,Fiction,149
2015-03-01,Nonfiction,117
2015-04-01,Children,83
2015-04-01,Fiction,152
2015-04-01,Nonfiction,128
2015-05-01,Children,119
2015-05-01,Fiction,137
2015-05-01,Nonfiction,131
2015-06-01,Children,100
2015-06-01,Fiction,150
2015-06-01,Nonfiction,136
2015-07-01,Children,100
2015-07-01,Fiction,161
2015-07-01,Nonfiction,143
2015-08-01,Children,110
2015-08-01,Fiction,144
2015-08-01,Nonfiction,109
2015-09-01,Children,100
2015-09-01,Fiction,128
2015-09-01,Nonfiction,94
2015-10-01,Children,56
2015-10-01,Fiction,110
2015-10-01,Nonfiction,81
2015-11-01,Children,66
2015-11-01,Fiction,127
2015-11-01,Nonfiction,88
2015-12-01,Children,84
2015-12-01,Fiction,139
2015-12-01,Nonfiction,93
2016-01-01,Children,107
2016-01-01,Fiction,146
2016-01-01,Nonfiction,121
2016-02-01,Children,90
2016-02-01,Fiction,159
2016-02-01,Nonfiction,119
2016-03-01,Children,95
2016-03-01,Fiction,153
2016-03-01,Nonfiction,109
2016-04-01,Children,105
2016-04-01,Fiction,145
2016-04-01,Nonfiction,114
2016-05-01,Children,110
2016-05-01,Fiction,162
2016-05-01,Nonfiction,133
2016-06-01,Children,112
2016-06-01,Fiction,160
2016-06-01,Nonfiction,145
2016-07-01,Children,112
2016-07-01,Fiction,174
2016-07-01,Nonfiction,153
2016-08-01,Children,89
2016-08-01,Fiction,153
2016-08-01,Nonfiction,147
2016-09-01,Children,79
2016-09-01,Fiction,133
2016-09-01,Nonfiction,108
2016-10-01,Children,68
2016-10-01,Fiction,118
2016-10-01,Nonfiction,86
2016-11-01,Children,75
2016-11-01,Fiction,137
2016-11-01,Nonfiction,80
2016-12-01,Children,81
2016-12-01,Fiction,139
2016-12-01,Nonfiction,112
2017-01-01,Children,101
2017-01-01,Fiction,149
2017-01-01,Nonfiction,115
2017-02-01,Children,110
2017-02-01,Fiction,154
2017-02-01,Nonfiction,123
2017-03-01,Children,103
2017-03-01,Fiction,160
2017-03-01,Nonfiction,121
2017-04-01,Children,106
2017-04-01,Fiction,161
2017-04-01,Nonfiction,127
2017-05-01,Children,112
2017-05-01,Fiction,170
2017-05-01,Nonfiction,144
2017-06-01,Children,119
2017-06-01,Fiction,178
2017-06-01,Nonfiction,145
2017-07-01,Children,112
2017-07-01,Fiction,191
2017-07-01,Nonfiction,141
2017-08-01,Children,107
2017-08-01,Fiction,157
2017-08-01,Nonfiction,121
2017-09-01,Children,85
2017-09-01,Fiction,137
2017-09-01,Nonfiction,97
2017-10-01,Children,91
2017-10-01,Fiction,124
2017-10-01,Nonfiction,95
2017-11-01,Children,90
2017-11-01,Fiction,139
2017-11-01,Nonfiction,102
2017-12-01,Children,93
2017-12-01,Fiction,156
2017-12-01,Nonfiction,129
2018-01-01,Children,96
2018-01-01,Fiction,158
2018-01-01,Nonfiction,128
2018-02-01,Children,97
2018-02-01,Fiction,157
2018-02-01,Nonfiction,140
2018-03-01,Children,115
2018-03-01,Fiction,156
2018-03-01,Nonfiction,127
2018-04-01,Children,110
2018-04-01,Fiction,170
2018-04-01,Nonfiction,124
2018-05-01,Children,119
2018-05-01,Fiction,179
2018-05-01,Nonfiction,133
2018-06-01,Children,109
2018-06-01,Fiction,185
2018-06-01,Nonfiction,143
2018-07-01,Children,130
2018-07-01,Fiction,175
2018-07-01,Nonfiction,165
2018-08-01,Children,112
2018-08-01,Fiction,169
2018-08-01,Nonfiction,128
2018-09-01,Children,81
2018-09-01,Fiction,149
2018-09-01,Nonfiction,123
2018-10-01,Children,75
2018-10-01,Fiction,139
2018-10-01,Nonfiction,97
2018-11-01,Children,84
2018-11-01,Fiction,147
2018-11-01,Nonfiction,115
2018-12-01,Children,95
2018-12-01,Fiction,155
2018-12-01,Nonfiction,124
2019-01-01,Children,104
2019-01-01,Fiction,171
2019-01-01,Nonfiction,131
2019-02-01,Children,110
2019-02-01,Fiction,171
2019-02-01,Nonfiction,137
2019-03-01,Children,108
2019-03-01,Fiction,172
2019-03-01,Nonfiction,131
2019-04-01,Children,113
2019-04-01,Fiction,177
2019-04-01,Nonfiction,142
2019-05-01,Children,131
2019-05-01,Fiction,168
2019-05-01,Nonfiction,143
2019-06-01,Children,107
2019-06-01,Fiction,185
2019-06-01,Nonfiction,145
2019-07-01,Children,125
2019-07-01,Fiction,183
2019-07-01,Nonfiction,143
2019-08-01,Children,114
2019-08-01,Fiction,168
2019-08-01,Nonfiction,141
2019-09-01,Children,97
2019-09-01,Fiction,153
2019-09-01,Nonfiction,134
2019-10-01,Children,80
2019-10-01,Fiction,156
2019-10-01,Nonfiction,111
2019-11-01,Children,72
2019-11-01,Fiction,140
2019-11-01,Nonfiction,112
2019-12-01,Children,101
2019-12-01,Fiction,168
2019-12-01,Nonfiction,128
2020-01-01,Children,124
2020-01-01,Fiction,159
2020-01-01,Nonfiction,148
2020-02-01,Children,103
2020-02-01,Fiction,174
2020-02-01,Nonfiction,144
2020-03-01,Children,121
2020-03-01,Fiction,178
2020-03-01,Nonfiction,139
2020-04-01,Children,114
2020-04-01,Fiction,183
2020-04-01,Nonfiction,153
2020-05-01,Children,124
2020-05-01,Fiction,192
2020-05-01,Nonfiction,155
2020-06-01,Children,124
2020-06-01,Fiction,201
2020-06-01,Nonfiction,172
2020-07-01,Children,128
2020-07-01,Fiction,191
2020-07-01,Nonfiction,160
2020-08-01,Children,128
2020-08-01,Fiction,176
2020-08-01,Nonfiction,135
2020-09-01,Children,103
2020-09-01,Fiction,169
2020-09-01,Nonfiction,116
2020-10-01,Children,101
2020-10-01,Fiction,149
2020-10-01,Nonfiction,129
2020-11-01,Children,100
2020-11-01,Fiction,144
2020-11-01,Nonfiction,132
2020-12-01,Children,106
2020-12-01,Fiction,158
2020-12-01,Nonfiction,130
2021-01-01,Children,129
2021-01-01,Fiction,172
2021-01-01,Nonfiction,140
2021-02-01,Children,123
2021-02-01,Fiction,188
2021-02-01,Nonfiction,160
2021-03-01,Children,125
2021-03-01,Fiction,184
2021-03-01,Nonfiction,138
2021-04-01,Children,118
2021-04-01,Fiction,191
2021-04-01,Nonfiction,142
2021-05-01,Children,129
2021-05-01,Fiction,190
2021-05-01,Nonfiction,162
2021-06-01,Children,131
2021-06-01,Fiction,203
2021-06-01,Nonfiction,162
2021-07-01,Children,143
2021-07-01,Fiction,205
2021-07-01,Nonfiction,164
2021-08-01,Children,112
2021-08-01,Fiction,184
2021-08-01,Nonfiction,149
2021-09-01,Children,109
2021-09-01,Fiction,172
2021-09-01,Nonfiction,135
2021-10-01,Children,90
2021-10-01,Fiction,152
2021-10-01,Nonfiction,132
2021-11-01,Children,104
2021-11-01,Fiction,158
2021-11-01,Nonfiction,125
2021-12-01,Children,113
2021-12-01,Fiction,171
2021-12-01,Nonfiction,142
2022-01-01,Children,134
2022-01-01,Fiction,176
2022-01-01,Nonfiction,132
2022-02-01,Children,129
2022-02-01,Fiction,194
2022-02-01,Nonfiction,153
2022-03-01,Children,110
2022-03-01,Fiction,186
2022-03-01,Nonfiction,146
2022-04-01,Children,124
2022-04-01,Fiction,192
2022-04-01,Nonfiction,145
2022-05-01,Children,123
2022-05-01,Fiction,204
2022-05-01,Nonfiction,156
2022-06-01,Children,136
2022-06-01,Fiction,212
2022-06-01,Nonfiction,168
2022-07-01,Children,151
2022-07-01,Fiction,212
2022-07-01,Nonfiction,177
2022-08-01,Children,131
2022-08-01,Fiction,193
2022-08-01,Nonfiction,145
2022-09-01,Children,102
2022-09-01,Fiction,172
2022-09-01,Nonfiction,138
2022-10-01,Children,88
2022-10-01,Fiction,164
2022-10-01,Nonfiction,122
2022-11-01,Children,99
2022-11-01,Fiction,154
2022-11-01,Nonfiction,127
2022-12-01,Children,102
2022-12-01,Fiction,169
2022-12-01,Nonfiction,150
2023-01-01,Children,118
2023-01-01,Fiction,182
2023-01-01,Nonfiction,159
2023-02-01,Children,130
2023-02-01,Fiction,189
2023-02-01,Nonfiction,169
2023-03-01,Children,137
2023-03-01,Fiction,200
2023-03-01,Nonfiction,157
2023-04-01,Children,134
2023-04-01,Fiction,192
2023-04-01,Nonfiction,155
2023-05-01,Children,119
2023-05-01,Fiction,204
2023-05-01,Nonfiction,166
2023-06-01,Children,147
2023-06-01,Fiction,225
2023-06-01,Nonfiction,178
2023-07-01,Children,144
2023-07-01,Fiction,211
2023-07-01,Nonfiction,176
2023-08-01,Children,133
2023-08-01,Fiction,206
2023-08-01,Nonfiction,153
2023-09-01,Children,124
2023-09-01,Fiction,175
2023-09-01,Nonfiction,144
2023-10-01,Children,84
2023-10-01,Fiction,169
2023-10-01,Nonfiction,133
2023-11-01,Children,98
2023-11-01,Fiction,167
2023-11-01,Nonfiction,155
2023-12-01,Children,121
2023-12-01,Fiction,184
2023-12-01,Nonfiction,163
2024-01-01,Children,115
2024-01-01,Fiction,206
2024-01-01,Nonfiction,153
2024-02-01,Children,144
2024-02-01,Fiction,190
2024-02-01,Nonfiction,162
2024-03-01,Children,135
2024-03-01,Fiction,207
2024-03-01,Nonfiction,152
2024-04-01,Children,140
2024-04-01,Fiction,207
2024-04-01,Nonfiction,161
2024-05-01,Children,137
2024-05-01,Fiction,209
2024-05-01,Nonfiction,176
2024-06-01,Children,156
2024-06-01,Fiction,210
2024-06-01,Nonfiction,191
2024-07-01,Children,157
2024-07-01,Fiction,221
2024-07-01,Nonfiction,174
2024-08-01,Children,136
2024-08-01,Fiction,203
2024-08-01,Nonfiction,162
2024-09-01,Children,118
2024-09-01,Fiction,191
2024-09-01,Nonfiction,131
2024-10-01,Children,107
2024-10-01,Fiction,178
2024-10-01,Nonfiction,136
2024-11-01,Children,101
2024-11-01,Fiction,194
2024-11-01,Nonfiction,132
2024-12-01,Children,119
2024-12-01,Fiction,192
2024-12-01,Nonfiction,149
