month,titles_published
2015-01-01,326.0
2015-02-01,345.0
2015-03-01,345.0
2015-04-01,363.0
2015-05-01,387.0
2015-06-01,386.0
2015-07-01,404.0
2015-08-01,363.0
2015-09-01,322.0
2015-10-01,247.0
2015-11-01,281.0
2015-12-01,316.0
2016-01-01,374.0
2016-02-01,368.0
2016-03-01,357.0
2016-04-01,364.0
2016-05-01,405.0
2016-06-01,417.0
2016-07-01,439.0
2016-08-01,389.0
2016-09-01,320.0
2016-10-01,272.0
2016-11-01,292.0
2016-12-01,332.0
2017-01-01,365.0
2017-02-01,387.0
2017-03-01,384.0
2017-04-01,394.0
2017-05-01,426.0
2017-06-01,442.0
2017-07-01,444.0
2017-08-01,385.0
2017-09-01,319.0
2017-10-01,310.0
2017-11-01,331.0
2017-12-01,378.0
2018-01-01,382.0
2018-02-01,394.0
2018-03-01,398.0
2018-04-01,404.0
2018-05-01,431.0
2018-06-01,437.0
2018-07-01,470.0
2018-08-01,409.0
2018-09-01,353.0
2018-10-01,311.0
2018-11-01,346.0
2018-12-01,374.0
2019-01-01,406.0
2019-02-01,418.0
2019-03-01,411.0
2019-04-01,432.0
2019-05-01,442.0
2019-06-01,437.0
2019-07-01,451.0
2019-08-01,423.0
2019-09-01,384.0
2019-10-01,347.0
2019-11-01,324.0
2019-12-01,397.0
2020-01-01,431.0
2020-02-01,421.0
2020-03-01,438.0
2020-04-01,450.0
2020-05-01,471.0
2020-06-01,497.0
2020-07-01,479.0
2020-08-01,439.0
2020-09-01,388.0
2020-10-01,379.0
2020-11-01,376.0
2020-12-01,394.0
2021-01-01,441.0
2021-02-01,471.0
2021-03-01,447.0
2021-04-01,451.0
2021-05-01,481.0
2021-06-01,496.0
2021-07-01,512.0
2021-08-01,445.0
2021-09-01,416.0
2021-10-01,374.0
2021-11-01,387.0
2021-12-01,426.0
2022-01-01,442.0
2022-02-01,476.0
2022-03-01,442.0
2022-04-01,461.0
2022-05-01,483.0
2022-06-01,516.0
2022-07-01,540.0
2022-08-01,469.0
2022-09-01,412.0
2022-10-01,374.0
2022-11-01,380.0
2022-12-01,421.0
2023-01-01,459.0
2023-02-01,488.0
2023-03-01,494.0
2023-04-01,481.0
2023-05-01,489.0
2023-06-01,550.0
2023-07-01,531.0
2023-08-01,492.0
2023-09-01,443.0
2023-10-01,386.0
2023-11-01,420.0
2023-12-01,468.0
2024-01-01,474.0
2024-02-01,496.0
2024-03-01,494.0
2024-04-01,508.0
2024-05-01,522.0
2024-06-01,557.0
2024-07-01,552.0
2024-08-01,501.0
2024-09-01,440.0
2024-10-01,421.0
2024-11-01,427.0
2024-12-01,460.0
