fold,model,mae,rmse,mape,smape
1,seasonal_naive,27.0,30.342489460600735,6.00713458709361,6.241731304228418
1,arima,93.66235438700683,99.1500134833095,21.47248703930359,19.068097719692002
1,sarima,10.856651276971084,11.74551094085188,2.4192582179681636,2.4194687586972967
1,ets,11.351656459713487,12.844536975272106,2.523521582161594,2.5593858316415434
1,prophet,8.460131928142289,10.917375382889968,1.885534528235937,1.9123293094321325
1,xgboost,19.360148111979168,24.588287849176105,4.293699244628703,4.451187486949436
1,lstm,40.45544140156611,47.818083976010165,9.122517255369399,8.880034016090764
2,seasonal_naive,15.0,18.95608961081724,2.945165398954078,3.015730039257278
2,arima,50.85817651034006,60.12038081524009,9.786145468494091,10.434451223038531
2,sarima,6.387848813804652,7.765470622692848,1.2525400956797377,1.2495630756322949
2,ets,7.9481053005096856,10.071576675500953,1.5232482648693721,1.5401924530823188
2,prophet,8.637086884569348,9.250873193701231,1.7034400364171993,1.7036022898829943
2,xgboost,12.64471435546875,15.92256424789024,2.418112435864503,2.4434483734792347
2,lstm,9.04447046086212,10.007498140363978,1.74635589253074,1.742752074179527
3,seasonal_naive,13.833333333333334,17.649362594722792,2.9957645138351032,3.0702398279865593
3,arima,70.2434503515563,78.63697581923648,15.843959844428399,14.388462844298733
3,sarima,6.947978092608271,8.14733671650991,1.527745036427445,1.5154809182804567
3,ets,6.23216710515166,7.499297653453297,1.3945918689407177,1.4061281699047916
3,prophet,3.190622492618663,3.90258865975839,0.6951080790417115,0.6915038607944954
3,xgboost,15.958206176757812,18.81293909645613,3.4079294152671213,3.371274958943583
3,lstm,49.68086218863499,53.39301497053005,10.809919118767125,10.45954784257872
