month_number,calendar_month,mean,median,std
1,January,410.0,418.5,47.25815626252608
2,February,426.4,419.5,53.568647546862714
3,March,421.0,424.5,51.56872437178695
4,April,430.8,441.0,48.65022553333586
5,May,453.7,456.5,42.23492498973911
6,June,473.5,469.0,57.921882259163894
7,July,482.2,474.5,49.5037596776469
8,August,431.5,431.0,46.397437668714204
9,September,379.7,386.0,48.74206488125927
10,October,342.1,360.5,55.306117805055415
11,November,356.4,361.0,50.047088937430836
12,December,396.6,395.5,49.565220781422056
